{
  "dataset": {
    "total": 900,
    "per_class_train": {
      "Elliptical": 240,
      "Spiral": 240,
      "Irregular": 240
    },
    "per_class_test": {
      "Elliptical": 60,
      "Spiral": 60,
      "Irregular": 60
    },
    "image_size": [
      64,
      64
    ]
  },
  "models": [
    {
      "name": "Random Forest (HOG)",
      "train_acc": 1.0,
      "test_acc": 0.9888888888888889,
      "train_time_s": 2.595785140991211
    },
    {
      "name": "MLP (raw pixels)",
      "train_acc": 0.9708333333333333,
      "test_acc": 0.9666666666666667,
      "train_time_s": 11.10959792137146,
      "loss_curve": [
        1.0752991250503032,
        0.8257907550867227,
        0.7217651667260662,
        0.6713129164071416,
        0.5771290815835406,
        0.49645139601740884,
        0.44431284088833256,
        0.4342196413768718,
        0.41363613453881815,
        0.3617694262481488,
        0.30346755795901387,
        0.28595954533697915,
        0.25330464398854574,
        0.23580812469191223,
        0.21486107822042722,
        0.19049403920765506,
        0.18292690235601092,
        0.19161362723420455,
        0.1878573908677015,
        0.14526363432573797,
        0.13816616514314542,
        0.14098369505267883,
        0.11754763907700276,
        0.11389770204698459,
        0.10513600239564663,
        0.09814545983892378,
        0.09683421417791037,
        0.08875833848909818,
        0.08416438446520613,
        0.08213351755104586,
        0.07840971741075348,
        0.07496830848619458,
        0.059907521095929395,
        0.0625375310138564,
        0.05909222326728864,
        0.05228767337013399
      ],
      "val_scores": [
        0.48148148148148145,
        0.75,
        0.6574074074074074,
        0.8796296296296297,
        0.8796296296296297,
        0.8518518518518519,
        0.8611111111111112,
        0.8981481481481481,
        0.8981481481481481,
        0.8611111111111112,
        0.8703703703703703,
        0.8981481481481481,
        0.9074074074074074,
        0.8981481481481481,
        0.9074074074074074,
        0.8796296296296297,
        0.8888888888888888,
        0.8888888888888888,
        0.9074074074074074,
        0.9074074074074074,
        0.9074074074074074,
        0.9074074074074074,
        0.9074074074074074,
        0.9166666666666666,
        0.9444444444444444,
        0.9351851851851852,
        0.9351851851851852,
        0.9444444444444444,
        0.9259259259259259,
        0.9259259259259259,
        0.9259259259259259,
        0.9444444444444444,
        0.9351851851851852,
        0.9351851851851852,
        0.9444444444444444,
        0.9351851851851852
      ],
      "n_iter": 36
    }
  ]
}